{"step loss": 0.003876668168231845, "_runtime": 136, "_timestamp": 1655663022, "_step": 1499, "valid loss": 0.0025849940720945597, "epoch loss": 0.011703374097123742, "_wandb": {"runtime": 139}}